epoch,train_loss,eval_loss,eval_top1,eval_top5
0,6.941075756436303,6.9363514457702635,0.064,0.372
1,6.934234006064279,6.936458908081055,0.068,0.366
2,6.950791926611037,6.935854918670654,0.06,0.37
3,6.936553114936466,6.93609262802124,0.06,0.37
4,6.932731605711437,6.934379663543702,0.068,0.374
5,6.943115234375,6.934635109100342,0.062,0.37
6,6.937441825866699,6.933771025238037,0.064,0.372
7,6.930401802062988,6.933086582336426,0.06,0.386
8,6.936517329443069,6.932884185638428,0.06,0.376
