epoch,train_loss,eval_loss,eval_top1,eval_top5
0,6.9410757791428335,6.936351443328857,0.064,0.372
1,6.934233983357747,6.9364588963317875,0.068,0.366
