epoch,train_loss,eval_loss,eval_top1,eval_top5
0,6.9314324742271785,6.921248056793213,0.108,0.542
1,6.977514698391869,6.906574062194824,0.228,0.942
2,6.863393374851772,6.83532392364502,0.354,1.566
3,6.803272996629987,6.943047819519043,0.404,1.72
