epoch,train_loss,eval_loss,eval_top1,eval_top5
0,6.931250504084995,6.914154454956055,0.07,0.494
1,6.76657585870652,6.356149009399414,1.74,5.822
2,6.532445317222958,6.033137314300537,2.998,9.336
3,6.38074677331107,5.755750546722412,4.018,12.044
