epoch,train_loss,eval_loss,eval_top1,eval_top5
0,6.931234768458775,6.9142254270935055,0.072,0.5
1,6.769649323962984,6.3743670635986325,1.744,5.37
