epoch,train_loss,eval_loss,eval_top1,eval_top5
0,6.927044437045143,6.918119804077149,0.082,0.522
1,6.936467579432896,6.969513767700195,0.102,0.508
