epoch,train_loss,eval_loss,eval_top1,eval_top5
0,6.931197098323277,6.91416509475708,0.068,0.486
1,6.769293126605806,6.371533918151855,1.764,5.606
2,6.541037514096215,6.063315339355468,2.848,8.86
