epoch,train_loss,eval_loss,eval_top1,eval_top5
0,6.9312552724565775,6.9141577522277835,0.07,0.49
1,6.767600513639904,6.36549949142456,1.734,5.596
2,6.541994480859666,6.069672185211181,2.796,8.82
