epoch,train_loss,eval_loss,eval_top1,eval_top5
0,6.882429654325419,6.801289246826172,0.868,3.302
1,6.314878200417135,5.170956318817138,8.082,21.492
2,5.338741492276168,3.809903125152588,22.82,46.982
3,4.693073165950491,3.0354917164611814,34.936,61.824
4,4.182239169505105,2.6977206829833986,41.31,68.158
5,3.929580764390936,2.3447651505279543,47.808,73.756
6,3.7563940031611502,2.177364431686401,51.904,77.06
7,3.6316330859910195,2.12225521774292,52.266,77.374
