epoch,train_loss,eval_loss,eval_top1,eval_top5
0,6.936392943064372,6.921172404785156,0.062,0.452
1,6.864820684705462,6.533737805786132,1.39,4.61
2,6.610395658583868,6.24868735671997,2.26,7.234
3,6.463726043701172,5.975651523895264,3.038,9.528
4,6.29321643284389,5.74063724822998,4.194,12.406
