epoch,train_loss,eval_loss,eval_top1,eval_top5
0,6.936444282531738,7.091384084167481,0.114,0.48
1,6.950567041124616,7.128932236328125,0.194,0.954
