epoch,train_loss,eval_loss,eval_top1,eval_top5
0,6.931214128221784,6.9141640580749515,0.066,0.496
1,6.768928913843064,6.372941492462158,1.622,5.524
2,6.544167382376535,6.0709364346313475,2.79,8.908
3,6.390288534618559,5.761552971801758,3.962,11.938
