epoch,train_loss,eval_loss,eval_top1,eval_top5
0,6.931075981685093,6.921497002258301,0.1,0.556
1,6.975663661956787,6.9770964479064945,0.204,0.89
2,6.862694149925595,6.812801934814453,0.424,1.772
3,6.801154341016497,6.802817789764404,0.444,1.866
4,6.7222432636079335,6.710095055999756,0.54,2.288
5,6.648124672117687,6.689438546447754,0.616,2.502
