epoch,train_loss,eval_loss,eval_top1,eval_top5
0,6.931180704207647,6.914144823303222,0.066,0.498
1,6.764621144249325,6.37655890701294,1.688,5.496
